text,label
"URGENT: Your bank account will be suspended today. Verify your password immediately using the link below.",1
"Congratulations! You have won AED 10,000. Send your Emirates ID and bank details within 30 minutes.",1
"I am your manager. Buy gift cards worth AED 1500 now and send me the codes. Do not tell anyone.",1
"Your parcel cannot be delivered. Pay a small redelivery fee now to avoid return.",1
"We noticed unusual activity. Confirm your OTP and card number immediately.",1
"Your salary account is blocked. Click the secure verification link to reactivate it.",1
"Exclusive investment opportunity: guaranteed 30 percent return this week. Deposit today.",1
"Your visa will be cancelled unless you pay the processing charge within one hour.",1
"Please use our new bank account for today's supplier payment. The old account is unavailable.",1
"CEO request: transfer AED 25000 to this new beneficiary before 3 PM. Keep this confidential.",1
"You have been selected for a remote job. Pay the registration fee to begin.",1
"Your mobile number will be disconnected. Confirm your identity at the link now.",1
"Tax refund pending. Submit your card details to receive the refund.",1
"Security alert: login attempt detected. Enter your username and password to secure the account.",1
"Your cloud storage is full and files will be deleted today. Upgrade through this link.",1
"Payment failed. Re-enter your card information or your booking will be cancelled.",1
"Final warning: unpaid fine detected. Pay immediately to prevent legal action.",1
"You won a free smartphone. Pay only the delivery charge and send your address.",1
"I am travelling and cannot call. Please send the company payment urgently to this IBAN.",1
"Dear employee, HR requires your login credentials to complete the payroll update.",1
"Your account has been compromised. Share the OTP with support to stop the attack.",1
"A friend has sent you a private photo. Sign in here to view it.",1
"Limited offer ends in 10 minutes. Send payment now to secure your prize.",1
"Supplier banking details changed. Please ignore the previous invoice and use the new account.",1
"Government grant approved. Pay an activation fee before funds can be released.",1
"Your social media account violated policy. Verify your password to avoid permanent deletion.",1
"Recruitment team: You are hired without interview. Pay visa and equipment fees today.",1
"Bank verification team: reply with your card PIN and date of birth.",1
"You have an overdue customs charge. Pay now using the attached payment link.",1
"Confidential: do not contact the supplier. Process this invoice immediately.",1
"Your email quota has expired. Login through this page to restore access.",1
"We are from technical support. Install this remote access tool so we can fix your computer.",1
"Lottery winner notice. Send passport copy and bank account to claim your prize.",1
"Urgent family emergency. I changed my number. Please transfer money to this account.",1
"Your subscription will be terminated today. Confirm payment details immediately.",1
"Act now: crypto investment doubles your money in 24 hours. Guaranteed profit.",1
"Invoice attached. Enable macros to view the document and confirm payment.",1
"Your account has pending KYC. Upload Emirates ID and bank statement through this link.",1
"The director asked me to contact you. Send the payroll spreadsheet and employee IDs urgently.",1
"Password expiration notice. Sign in at the security portal within 15 minutes.",1
"We accidentally overpaid you. Refund the amount to this new account immediately.",1
"Your university class will start at 10 AM tomorrow in Room 304.",0
"Please find attached the meeting agenda for Monday's project discussion.",0
"Your order has been shipped and is expected to arrive on Tuesday.",0
"Reminder: your dental appointment is scheduled for 4 PM tomorrow.",0
"The monthly team meeting has been moved to Conference Room B.",0
"Thank you for your payment. Your receipt is attached for your records.",0
"Please review the draft report and send your comments by Friday.",0
"Your leave request has been approved for next week.",0
"The library will close at 8 PM today due to maintenance.",0
"Your booking is confirmed. Check-in begins at 3 PM.",0
"Please submit your assignment through the university portal before the deadline.",0
"The supplier confirmed delivery for Wednesday morning.",0
"Your account statement for this month is now available in the official app.",0
"HR has scheduled your orientation for Sunday at 9 AM in the main office.",0
"The invoice amount is AED 1250 as agreed in the purchase order.",0
"We received your support request and will respond within two business days.",0
"The project presentation will take place in Lab 2 at 1 PM.",0
"Please use the same bank details listed in our signed contract.",0
"Your package was delivered at 2:35 PM and signed for by reception.",0
"The maintenance team will visit the apartment between 10 AM and noon.",0
"Here are the minutes from yesterday's meeting.",0
"Your password was changed successfully. If this was not you, contact support through the official website.",0
"We have received your application and it is currently under review.",0
"The restaurant reservation is confirmed for four guests at 8 PM.",0
"Your monthly rent payment has been received. Thank you.",0
"The finance department will process approved reimbursements on Thursday.",0
"Please call me when you arrive at the office.",0
"The workshop registration has been confirmed and no payment is required.",0
"Your course timetable has been updated in the student portal.",0
"The client requested a revised proposal before the next meeting.",0
"Your flight schedule has changed. Please check the airline's official app for details.",0
"The building access card is ready for collection from reception.",0
"Please bring your ID to the scheduled appointment.",0
"The company policy document was updated and is available on the internal portal.",0
"Your utility bill is due next week. Payment can be made through the official provider app.",0
"The professor uploaded the lecture notes to the learning platform.",0
"The courier attempted delivery and will try again tomorrow. No payment is required.",0
"Your support ticket has been closed after the issue was resolved.",0
"Please confirm attendance for the team lunch by Wednesday.",0
"The supplier invoice matches the existing purchase order and approved banking details.",0
